task,representation,model,split_seed,identity_mean,identity_sd,action_mean,action_sd,displacement_mean,displacement_sd,decision_flip_fraction,z_identity_mean,z_identity_sd,z_action_mean,z_action_sd,z_displacement_mean,z_displacement_sd,z_decision_flip_fraction
arousal,all,gpu_mlp,20260813,0.7283971340352506,0.25800706462098577,0.7283971340352506,0.25800706462098577,0.0,0.0,0.0,1.4818961680605909,0.5358643750754684,1.4818961680605909,0.5358643750754684,0.0,0.0,0.0
arousal,all,gpu_mlp,20260829,0.7180709447855844,0.3000277598853895,0.7180709447855844,0.3000277598853895,0.0,0.0,0.0,1.4268479398250695,1.1196802134805388,1.4268479398250695,1.1196802134805388,0.0,0.0,0.0
arousal,all,gpu_mlp,20260911,0.760109321568634,0.2591646861398482,0.760109321568634,0.2591646861398482,0.0,0.0,0.0,1.6509517310546322,0.551947825702306,1.6509517310546322,0.551947825702306,0.0,0.0,0.0
arousal,all,gpu_mlp,20260923,0.7144438877712869,0.26265467292317835,0.7144438877712869,0.26265467292317835,0.0,0.0,0.0,1.407512340068097,0.6004360657733477,1.407512340068097,0.6004360657733477,0.0,0.0,0.0
arousal,all,gpu_mlp,20261007,0.45752643995014064,0.2604125657095542,0.45752643995014064,0.2604125657095542,0.0,0.0,0.0,0.03790250981990007,0.5692852793696563,0.03790250981990007,0.5692852793696563,0.0,0.0,0.0
arousal,all,linear_logistic,20260813,0.6649780965402688,0.2853528282635728,0.6649780965402688,0.2853528282635728,0.0,0.0,0.0,1.143813496312764,0.9157935939370109,1.143813496312764,0.9157935939370109,0.0,0.0,0.0
arousal,all,linear_logistic,20260829,0.6644686291135493,0.32351138965346454,0.6644686291135493,0.32351138965346454,0.0,0.0,0.0,1.1410975593386739,1.4459507550690551,1.1410975593386739,1.4459507550690551,0.0,0.0,0.0
arousal,all,linear_logistic,20260911,0.7037170933701444,0.2839699298241968,0.7037170933701444,0.2839699298241968,0.0,0.0,0.0,1.3503285124088575,0.8965802513986906,1.3503285124088575,0.8965802513986906,0.0,0.0,0.0
arousal,all,linear_logistic,20260923,0.6509210141407291,0.29947184032298396,0.6509210141407291,0.29947184032298396,0.0,0.0,0.0,1.068876124786244,1.1119565277259507,1.068876124786244,1.1119565277259507,0.0,0.0,0.0
arousal,all,linear_logistic,20261007,0.3765476272095406,0.25926950352339234,0.3765476272095406,0.25926950352339234,0.0,0.0,0.0,-0.3937901561004137,0.5534041092851499,-0.3937901561004137,0.5534041092851499,0.0,0.0,0.0
arousal,baseline_delta,gpu_mlp,20260813,0.7351135816213948,0.25603438753228114,0.7351135816213948,0.25603438753228114,0.0,0.0,0.0,1.5177011035227153,0.5084569245038407,1.5177011035227153,0.5084569245038407,0.0,0.0,0.0
arousal,baseline_delta,gpu_mlp,20260829,0.7258563902891297,0.2975413922296322,0.7258563902891297,0.2975413922296322,0.0,0.0,0.0,1.4683516321003423,1.0851357870164953,1.4683516321003423,1.0851357870164953,0.0,0.0,0.0
arousal,baseline_delta,gpu_mlp,20260911,0.7620275421125564,0.2585696766098252,0.7620275421125564,0.2585696766098252,0.0,0.0,0.0,1.661177637219515,0.543681042265154,1.661177637219515,0.543681042265154,0.0,0.0,0.0
arousal,baseline_delta,gpu_mlp,20260923,0.733435833546151,0.25352511088374124,0.733435833546151,0.25352511088374124,0.0,0.0,0.0,1.508757140097804,0.4735942112350633,1.508757140097804,0.4735942112350633,0.0,0.0,0.0
arousal,baseline_delta,gpu_mlp,20261007,0.4870301944730282,0.2636506376795001,0.4870301944730282,0.2636506376795001,0.0,0.0,0.0,0.19518506328784155,0.6142735331349705,0.19518506328784155,0.6142735331349705,0.0,0.0,0.0
arousal,baseline_delta,linear_logistic,20260813,0.6726569675201073,0.2843578920882208,0.6726569675201073,0.2843578920882208,0.0,0.0,0.0,1.1847490468889779,0.9019704171971274,1.1847490468889779,0.9019704171971274,0.0,0.0,0.0
arousal,baseline_delta,linear_logistic,20260829,0.6732040426364286,0.32221665044591824,0.6732040426364286,0.32221665044591824,0.0,0.0,0.0,1.1876654679555592,1.4279622555639107,1.1876654679555592,1.4279622555639107,0.0,0.0,0.0
arousal,baseline_delta,linear_logistic,20260911,0.7059836145264649,0.28374766028071396,0.7059836145264649,0.28374766028071396,0.0,0.0,0.0,1.362411185977696,0.8934921425736504,1.362411185977696,0.8934921425736504,0.0,0.0,0.0
arousal,baseline_delta,linear_logistic,20260923,0.67136478056422,0.2926453461149279,0.67136478056422,0.2926453461149279,0.0,0.0,0.0,1.177860484152928,1.017112417832802,1.177860484152928,1.017112417832802,0.0,0.0,0.0
arousal,baseline_delta,linear_logistic,20261007,0.4056185920719704,0.26782359977898584,0.4056185920719704,0.26782359977898584,0.0,0.0,0.0,-0.2388147755334167,0.6722507120325226,-0.2388147755334167,0.6722507120325226,0.0,0.0,0.0
arousal,normalized_asymmetry,gpu_mlp,20260813,0.5997066247487621,0.27153393334752335,0.5997066247487621,0.27153393334752335,0.0,0.0,0.0,0.7958556205103814,0.7238003470266199,0.7958556205103814,0.7238003470266199,0.0,0.0,0.0
arousal,normalized_asymmetry,gpu_mlp,20260829,0.5924781640170853,0.309985277494856,0.5924781640170853,0.309985277494856,0.0,0.0,0.0,0.7573211770164554,1.2580252945179893,0.7573211770164554,1.2580252945179893,0.0,0.0,0.0
arousal,normalized_asymmetry,gpu_mlp,20260911,0.6509897300233851,0.2727016116266592,0.6509897300233851,0.2727016116266592,0.0,0.0,0.0,1.069242444587324,0.7400235215655371,1.069242444587324,0.7400235215655371,0.0,0.0,0.0
arousal,normalized_asymmetry,gpu_mlp,20260923,0.6195708569128666,0.29224939160924807,0.6195708569128666,0.29224939160924807,0.0,0.0,0.0,0.9017505212772209,1.0116112115759996,0.9017505212772209,1.0116112115759996,0.0,0.0,0.0
arousal,normalized_asymmetry,gpu_mlp,20261007,0.33237973559885703,0.22394764811711698,0.33237973559885703,0.22394764811711698,0.0,0.0,0.0,-0.6292462492710157,0.06265881108666849,-0.6292462492710157,0.06265881108666849,0.0,0.0,0.0
arousal,normalized_asymmetry,linear_logistic,20260813,0.5210698627933182,0.27978638495161867,0.5210698627933182,0.27978638495161867,0.0,0.0,0.0,0.3766482715877805,0.8384560404135757,0.3766482715877805,0.8384560404135757,0.0,0.0,0.0
arousal,normalized_asymmetry,linear_logistic,20260829,0.5231526071511375,0.3106092846580047,0.5231526071511375,0.3106092846580047,0.0,0.0,0.0,0.38775124326430555,1.2666949574741144,0.38775124326430555,1.2666949574741144,0.0,0.0,0.0
arousal,normalized_asymmetry,linear_logistic,20260911,0.5770177170629178,0.28137155518296414,0.5770177170629178,0.28137155518296414,0.0,0.0,0.0,0.6749025623679109,0.8604796523934487,0.6749025623679109,0.8604796523934487,0.0,0.0,0.0
arousal,normalized_asymmetry,linear_logistic,20260923,0.5497023617772813,0.3118542390753264,0.5497023617772813,0.3118542390753264,0.0,0.0,0.0,0.5292862197130754,1.2839917704457091,0.5292862197130754,1.2839917704457091,0.0,0.0,0.0
arousal,normalized_asymmetry,linear_logistic,20261007,0.2573564277446926,0.20095745675883725,0.2573564277446926,0.20095745675883725,0.0,0.0,0.0,-1.0291905146613987,-0.25675612858704683,-1.0291905146613987,-0.25675612858704683,0.0,0.0,0.0
arousal,relative_power,gpu_mlp,20260813,0.6203466192554988,0.27202349182826546,0.6203466192554988,0.27202349182826546,0.0,0.0,0.0,0.9058860587403872,0.7306020430262785,0.9058860587403872,0.7306020430262785,0.0,0.0,0.0
arousal,relative_power,gpu_mlp,20260829,0.6086018652908363,0.31157342705476804,0.6086018652908363,0.31157342705476804,0.0,0.0,0.0,0.8432755563386723,1.2800902998920942,0.8432755563386723,1.2800902998920942,0.0,0.0,0.0
arousal,relative_power,gpu_mlp,20260911,0.6495572972616476,0.272700584710469,0.6495572972616476,0.272700584710469,0.0,0.0,0.0,1.0616062407861284,0.740009254073465,1.0616062407861284,0.740009254073465,0.0,0.0,0.0
arousal,relative_power,gpu_mlp,20260923,0.6111138047973886,0.2934430849740486,0.6111138047973886,0.2934430849740486,0.0,0.0,0.0,0.8566665388131595,1.028195827517848,0.8566665388131595,1.028195827517848,0.0,0.0,0.0
arousal,relative_power,gpu_mlp,20261007,0.3144893280119826,0.21561710506025097,0.3144893280119826,0.21561710506025097,0.0,0.0,0.0,-0.7246188224688777,-0.05308184833154215,-0.7246188224688777,-0.05308184833154215,0.0,0.0,0.0
arousal,relative_power,linear_logistic,20260813,0.5436627079358289,0.2834222764258009,0.5436627079358289,0.2834222764258009,0.0,0.0,0.0,0.4970892266995532,0.8889714118512234,0.4970892266995532,0.8889714118512234,0.0,0.0,0.0
arousal,relative_power,linear_logistic,20260829,0.541260674727786,0.31556688311841313,0.541260674727786,0.31556688311841313,0.0,0.0,0.0,0.4842841473940465,1.3355735060899165,0.4842841473940465,1.3355735060899165,0.0,0.0,0.0
arousal,relative_power,linear_logistic,20260911,0.5754032760101411,0.28120966458231816,0.5754032760101411,0.28120966458231816,0.0,0.0,0.0,0.6662960844700822,0.8582304202912351,0.6662960844700822,0.8582304202912351,0.0,0.0,0.0
arousal,relative_power,linear_logistic,20260923,0.5406699171321419,0.3111222701620569,0.5406699171321419,0.3111222701620569,0.0,0.0,0.0,0.4811348579349229,1.2738221375517746,0.4811348579349229,1.2738221375517746,0.0,0.0,0.0
arousal,relative_power,linear_logistic,20261007,0.24100920275670668,0.19013743325872037,0.24100920275670668,0.19013743325872037,0.0,0.0,0.0,-1.1163364840406789,-0.4070844620792922,-1.1163364840406789,-0.4070844620792922,0.0,0.0,0.0
valence,all,gpu_mlp,20260813,0.29620368035763844,0.18426592641033507,0.29620368035763844,0.18426592641033507,0.0,0.0,0.0,-0.8220983941843776,-0.4886604253474436,-0.8220983941843776,-0.4886604253474436,0.0,0.0,0.0
valence,all,gpu_mlp,20260829,0.5645595291847345,0.24075548441255268,0.5645595291847345,0.24075548441255268,0.0,0.0,0.0,0.6084887912140066,0.296179008143175,0.6084887912140066,0.296179008143175,0.0,0.0,0.0
valence,all,gpu_mlp,20260911,0.4204261389603796,0.1894853504240855,0.4204261389603796,0.1894853504240855,0.0,0.0,0.0,-0.1598767277199231,-0.41614419525163693,-0.1598767277199231,-0.41614419525163693,0.0,0.0,0.0
valence,all,gpu_mlp,20260923,0.462438237158058,0.23346606762057265,0.462438237158058,0.23346606762057265,0.0,0.0,0.0,0.0640869741184573,0.194903268912395,0.0640869741184573,0.194903268912395,0.0,0.0,0.0
valence,all,gpu_mlp,20261007,0.4123124078536218,0.1855758734995156,0.4123124078536218,0.1855758734995156,0.0,0.0,0.0,-0.20313048871610975,-0.4704606346651591,-0.20313048871610975,-0.4704606346651591,0.0,0.0,0.0
valence,all,linear_logistic,20260813,0.22115806209095382,0.1561837154043453,0.22115806209095382,0.1561837154043453,0.0,0.0,0.0,-1.2221615949003435,-0.87882149858933,-1.2221615949003435,-0.87882149858933,0.0,0.0,0.0
valence,all,linear_logistic,20260829,0.47614764578517066,0.24098142806578707,0.47614764578517066,0.24098142806578707,0.0,0.0,0.0,0.13717091988322408,0.29931816332648015,0.13717091988322408,0.29931816332648015,0.0,0.0,0.0
valence,all,linear_logistic,20260911,0.32728068023939577,0.1701808417954082,0.32728068023939577,0.1701808417954082,0.0,0.0,0.0,-0.6564289743234599,-0.6843519871297584,-0.6564289743234599,-0.6843519871297584,0.0,0.0,0.0
valence,all,linear_logistic,20260923,0.37450176424311,0.225775580683312,0.37450176424311,0.225775580683312,0.0,0.0,0.0,-0.40469651553192554,0.08805524912669044,-0.40469651553192554,0.08805524912669044,0.0,0.0,0.0
valence,all,linear_logistic,20261007,0.31934686143126145,0.16458292759294318,0.31934686143126145,0.16458292759294318,0.0,0.0,0.0,-0.6987236348192054,-0.7621267824506789,-0.6987236348192054,-0.7621267824506789,0.0,0.0,0.0
valence,baseline_delta,gpu_mlp,20260813,0.3075799233845381,0.18998392478751203,0.3075799233845381,0.18998392478751203,0.0,0.0,0.0,-0.7614523990872246,-0.4092172368050998,-0.7614523990872246,-0.4092172368050998,0.0,0.0,0.0
valence,baseline_delta,gpu_mlp,20260829,0.5787811754536728,0.24276762634460528,0.5787811754536728,0.24276762634460528,0.0,0.0,0.0,0.6843034417853846,0.32413476474500363,0.6843034417853846,0.32413476474500363,0.0,0.0,0.0
valence,baseline_delta,gpu_mlp,20260911,0.4244267573583097,0.19091922549486076,0.4244267573583097,0.19091922549486076,0.0,0.0,0.0,-0.13854969706729392,-0.39622260729728637,-0.13854969706729392,-0.39622260729728637,0.0,0.0,0.0
valence,baseline_delta,gpu_mlp,20260923,0.4940243360946941,0.23985250555684814,0.4940243360946941,0.23985250555684814,0.0,0.0,0.0,0.23247036718767747,0.28363344328785545,0.23247036718767747,0.28363344328785545,0.0,0.0,0.0
valence,baseline_delta,gpu_mlp,20261007,0.4479055822711505,0.19831465577493165,0.4479055822711505,0.19831465577493165,0.0,0.0,0.0,-0.013385642714359894,-0.2934739663678893,-0.013385642714359894,-0.2934739663678893,0.0,0.0,0.0
valence,baseline_delta,linear_logistic,20260813,0.23118478555942168,0.16282009823531882,0.23118478555942168,0.16282009823531882,0.0,0.0,0.0,-1.168709798830993,-0.7866187070347627,-1.168709798830993,-0.7866187070347627,0.0,0.0,0.0
valence,baseline_delta,linear_logistic,20260829,0.49147793077868684,0.24545270655457854,0.49147793077868684,0.24545270655457854,0.0,0.0,0.0,0.21889564977483875,0.36144001027001843,0.21889564977483875,0.36144001027001843,0.0,0.0,0.0
valence,baseline_delta,linear_logistic,20260911,0.3311049522894811,0.1720304516700023,0.3311049522894811,0.1720304516700023,0.0,0.0,0.0,-0.6360420343247931,-0.6586543747303465,-0.6360420343247931,-0.6586543747303465,0.0,0.0,0.0
valence,baseline_delta,linear_logistic,20260923,0.4061774801077877,0.23796505289097494,0.4061774801077877,0.23796505289097494,0.0,0.0,0.0,-0.235835380578519,0.2574100608891805,-0.235835380578519,0.2574100608891805,0.0,0.0,0.0
valence,baseline_delta,linear_logistic,20261007,0.35360382883287444,0.18084256452539677,0.35360382883287444,0.18084256452539677,0.0,0.0,0.0,-0.5161020195663412,-0.536223010317623,-0.5161020195663412,-0.536223010317623,0.0,0.0,0.0
valence,normalized_asymmetry,gpu_mlp,20260813,0.14316560943115614,0.08767865087354078,0.14316560943115614,0.08767865087354078,0.0,0.0,0.0,-1.6379341738121054,-1.8305987462619748,-1.6379341738121054,-1.8305987462619748,0.0,0.0,0.0
valence,normalized_asymmetry,gpu_mlp,20260829,0.356874388892844,0.17305982255163244,0.356874388892844,0.17305982255163244,0.0,0.0,0.0,-0.4986668813671256,-0.6443527783263064,-0.4986668813671256,-0.6443527783263064,0.0,0.0,0.0
valence,normalized_asymmetry,gpu_mlp,20260911,0.24298895310921587,0.10824750029570099,0.24298895310921587,0.10824750029570099,0.0,0.0,0.0,-1.1057825665577312,-1.5448247961912673,-1.1057825665577312,-1.5448247961912673,0.0,0.0,0.0
valence,normalized_asymmetry,gpu_mlp,20260923,0.31740074948388863,0.1785069868793077,0.31740074948388863,0.1785069868793077,0.0,0.0,0.0,-0.7090982282012042,-0.5686724310859347,-0.7090982282012042,-0.5686724310859347,0.0,0.0,0.0
valence,normalized_asymmetry,gpu_mlp,20261007,0.2690087658476693,0.12102107481688137,0.2690087658476693,0.12102107481688137,0.0,0.0,0.0,-0.9670726750730085,-1.3673547407438544,-0.9670726750730085,-1.3673547407438544,0.0,0.0,0.0
valence,normalized_asymmetry,linear_logistic,20260813,0.09720161955992068,0.06330218443256194,0.09720161955992068,0.06330218443256194,0.0,0.0,0.0,-1.8829651473756344,-2.1692739419731866,-1.8829651473756344,-2.1692739419731866,0.0,0.0,0.0
valence,normalized_asymmetry,linear_logistic,20260829,0.26941999638941655,0.1468079268670734,0.26941999638941655,0.1468079268670734,0.0,0.0,0.0,-0.9648804324003061,-1.009084308644092,-0.9648804324003061,-1.009084308644092,0.0,0.0,0.0
valence,normalized_asymmetry,linear_logistic,20260911,0.17153005242533934,0.08316601723144297,0.17153005242533934,0.08316601723144297,0.0,0.0,0.0,-1.4867252143435676,-1.8932951623159953,-1.4867252143435676,-1.8932951623159953,0.0,0.0,0.0
valence,normalized_asymmetry,linear_logistic,20260923,0.2375178962551054,0.15158458528341598,0.2375178962551054,0.15158458528341598,0.0,0.0,0.0,-1.1349484068413889,-0.9427196561659589,-1.1349484068413889,-0.9427196561659589,0.0,0.0,0.0
valence,normalized_asymmetry,linear_logistic,20261007,0.19256608856052054,0.09497292154700084,0.19256608856052054,0.09497292154700084,0.0,0.0,0.0,-1.374583504527668,-1.7292555694776761,-1.374583504527668,-1.7292555694776761,0.0,0.0,0.0
valence,relative_power,gpu_mlp,20260813,0.1605640367552323,0.10004553493674836,0.1605640367552323,0.10004553493674836,0.0,0.0,0.0,-1.5451843146803028,-1.6587790573589216,-1.5451843146803028,-1.6587790573589216,0.0,0.0,0.0
valence,relative_power,gpu_mlp,20260829,0.380146932486217,0.1836327386247941,0.380146932486217,0.1836327386247941,0.0,0.0,0.0,-0.3746024990113086,-0.4974576395667095,-0.3746024990113086,-0.4974576395667095,0.0,0.0,0.0
valence,relative_power,gpu_mlp,20260911,0.24125758638625136,0.10732618481308631,0.24125758638625136,0.10732618481308631,0.0,0.0,0.0,-1.1150123674281944,-1.5576251215436636,-1.1150123674281944,-1.5576251215436636,0.0,0.0,0.0
valence,relative_power,gpu_mlp,20260923,0.3059168171106453,0.1725897766567232,0.3059168171106453,0.1725897766567232,0.0,0.0,0.0,-0.770318308042761,-0.6508833756069697,-0.770318308042761,-0.6508833756069697,0.0,0.0,0.0
valence,relative_power,gpu_mlp,20261007,0.2502654795297104,0.11136148645884178,0.2502654795297104,0.11136148645884178,0.0,0.0,0.0,-1.0669918880729135,-1.5015605324474954,-1.0669918880729135,-1.5015605324474954,0.0,0.0,0.0
valence,relative_power,linear_logistic,20260813,0.11021294817184837,0.0735937875007618,0.11021294817184837,0.0735937875007618,0.0,0.0,0.0,-1.813602619752008,-2.0262872342096174,-1.813602619752008,-2.0262872342096174,0.0,0.0,0.0
valence,relative_power,linear_logistic,20260829,0.2907930335832646,0.15893514613822027,0.2907930335832646,0.15893514613822027,0.0,0.0,0.0,-0.8509421923500123,-0.8405944099939772,-0.8509421923500123,-0.8405944099939772,0.0,0.0,0.0
valence,relative_power,linear_logistic,20260911,0.17014578387199042,0.08232795268727584,0.17014578387199042,0.08232795268727584,0.0,0.0,0.0,-1.49410465795259,-1.904938838162191,-1.49410465795259,-1.904938838162191,0.0,0.0,0.0
valence,relative_power,linear_logistic,20260923,0.2273777296684582,0.14494721660806367,0.2273777296684582,0.14494721660806367,0.0,0.0,0.0,-1.1890049606301938,-1.0349361445801075,-1.1890049606301938,-1.0349361445801075,0.0,0.0,0.0
valence,relative_power,linear_logistic,20261007,0.17731487394679443,0.08594058878467163,0.17731487394679443,0.08594058878467163,0.0,0.0,0.0,-1.455886715482518,-1.8547465660262226,-1.455886715482518,-1.8547465660262226,0.0,0.0,0.0
